{
    "Adriana Akiyama Household": {
        "Adriana Akiyama": {
            "primary_contact": true,
            "date_of_birth": 10200,
            "phone": "+15145550001",
            "sex": "female",
            "forms": [{
                    "form": "pregnancy",
                    "type": "data_record",
                    "content_type": "xml",
                    "reported_date": 20,
                    "fields": {
                        "lmp_date_8601": 57,
                        "edd_8601": -223,
                        "days_since_lmp": "77",
                        "weeks_since_lmp": "11",
                        "weeks_since_lmp_rounded": "11",
                        "lmp_method_approx": "no",
                        "hiv_status_known": "no",
                        "deworming_med_received": "no",
                        "tt_received": "",
                        "t_pregnancy_follow_up_date": -22,
                        "t_pregnancy_follow_up": "yes",
                        "t_danger_signs_referral_follow_up_date": -23,
                        "t_danger_signs_referral_follow_up": "yes"
                    }
                }
            ]
        },
        "Adelia Akiyama": {
            "short_name": "Adele",
            "date_of_birth": 9000,
            "sex": "female"
        },
        "Aurelia Akiyama": {
            "short_name": "Aurel",
            "date_of_birth": 330,
            "sex": "female"
        },
        "Anthony Akiyama": {
            "date_of_birth": 330,
            "sex": "male"
        }
    },
    "Becky Backlund Household": {
        "Becky Backlund": {
            "primary_contact": true,
            "date_of_birth": 19200,
            "phone": "+15145550002",
            "sex": "female"
        },
        "Buck Backlund": {
            "date_of_birth": 2000,
            "sex": "male"
        },
        "Brandon Backlund": {
            "date_of_birth": 1200,
            "sex": "male"
        },
        "Brianna Backlund": {
            "date_of_birth": 480,
            "sex": "female"
        }
    }
    }
