{
  "app/death_report.xlsx": "1azFHCMTMehxuSg_LWOgsJZxrJo0yhseLp9FK4gTT38M",
  "app/delivery.xlsx": "1KdJEp-iErhLtgILdrafIvK0vvkOsEGRKVlsWBB3ysmQ",
  "app/pregnancy.xlsx": "1EWwkyhhle05fHj5hoKlNgABNKOrgp30BFZrbpYT1AHU",
  "app/pregnancy_home_visit.xlsx": "1q5NoVHRF0CBnHiUqFa8eMIFpC8lW1Il9BsdQdL7LjzE",
  "app/pregnancy_facility_visit_reminder.xlsx": "1VC4Io2RQM7G0sNdjponGzYITJpqmQE26D2iJ9FWlniI",
  "app/pregnancy_danger_sign_follow_up.xlsx": "1n0LBbc5jtIm1f-IDgl_KmyV-C0JdVUCz_KPRuZgRYN0",
  "app/pregnancy_danger_sign.xlsx": "1NjaWx_VyJUZWYbOtM8aQQlTITGuh2zNXkf3Ba0lSfKc",
  "app/pnc_danger_sign_follow_up_mother.xlsx": "18Ba3WJFfKerA1ZkS3WsBjYPZRQgWApDvjyak_yq9XGw",
  "app/pnc_danger_sign_follow_up_baby.xlsx": "1pZGDlVI3W5aZdPyXgt5h9VqbvHrzWVwRJVpIdYLLsPE",
  "app/undo_death_report.xlsx": "16JZI2fJhUnLde-eG48pr0ULBs9C1vKhjhpQB9URWrjI",
  "contact/PLACE_TYPE-create.xlsx": "1VH0PdPNjUxSyKm7sWakEpEuyWfusKb9_L-oVjV7Jh7A",
  "contact/PLACE_TYPE-edit.xlsx": "1uYqSVOkeZUifk4R3x2MpcbReuKlKq7OPkdQvtE-DuPc",
  "contact/person-create.xlsx": "1VhOPphx4IXyZiGbcevVZwvsvap8WPKHmUjOp8NuWJW8",
  "contact/person-edit.xlsx": "1l1C0TOLfXAdLI0edcN5TbsRo2xVAIspb1SRgXC5VXDw"
}