{
    "icon-area": "icon-places-CHW-area@2x.png",
    "icon-branch": "icon-places-clinic@2x.png",
    "icon-calendar": "icon-calendar.png",
    "icon-child": "icon-people-child@2x.png",
    "icon-children": "icon-people-children@2x.png",
    "icon-clinic": "icon-places-clinic@2x.png",
    "icon-death-general": "icon-death-general.png",
    "icon-death-maternal": "icon-death-maternal.png",
    "icon-death-neonatal": "icon-death-neonatal.png",
    "icon-family": "icon-people-family@2x.png",
    "icon-follow-up": "icon-followup-general@2x.png",
    "icon-healthcare": "Icon-healthcare-generic@2x.png",
    "icon-household": "icon-people-family@2x.png",
    "icon-immunization": "icon-healthcare-immunization@2x.png",
    "icon-infant": "icon-people-baby@2x.png",
    "icon-mother-child": "icon-people-woman-baby@2x.png",
    "icon-new-person": "icon-people-person-general@2x.png",
    "icon-nurse": "icon-people-nurse-crop@2x.png",
    "icon-off": "icon-messages-off@2x.png",
    "icon-on": "icon-messages-on@2x.png",
    "icon-person": "icon-people-person-general@2x.png",
    "icon-pregnancy": "icon-people-woman-pregnant@2x.png",
	"icon-pregnancy-danger": "icon-ANC-danger-sign@2x.png",
    "icon-risk": "icon-healthcare-warning@2x.png",
    "icon-treatment": "icon-healthcare-medicine@2x.png",
    "medic-clinic": "medic-family.svg",
    "medic-district-hospital": "medic-health-center.svg",
    "medic-health-center": "medic-chw-area.svg",
    "medic-person": "medic-person.svg"
}