{
  "title": [
    {
      "locale": "en",
      "content": "Delivery"
    },
    {
      "locale": "hi",
      "content": "डिलिवरी रिपोर्ट"
    },
    {
      "locale": "id",
      "content": "Laporan persalinan"
    }
  ],
  "icon": "mother-child",
  "context": {
    "person": true,
    "place": false,
    "expression": "!contact || (contact.type === 'person' && (!contact.sex || contact.sex === 'female') && (!contact.date_of_birth || (ageInYears(contact) >= 10 && ageInYears(contact) < 65)))"
  }
}
