{
  "title": [
    {
      "locale": "en",
      "content": "Immunization Visit"
    },
    {
      "locale": "hi",
      "content": "टीकाकरण की जांच"
    },
    {
      "locale": "id",
      "content": "Immunization Visit"
    }
  ],
  "icon": "immunization",
  "context": {
    "person": true,
    "place": false,
    "expression": "!contact || (summary.use_cases && summary.use_cases.imm && contact.type === 'person' && (!contact.date_of_birth || ageInYears(contact) <= 5))"
  }
}